Day,count,mean,std,min,25%,50%,75%,max,missing_count,missing_pct
Day_1,52.0,17.000145042368977,3.802972564479182,7.0228750326257945,14.427926453732058,17.148288835498494,19.234003017246422,25.76720135970852,948,94.8
Day_2,61.0,16.101786906161575,4.040608807217957,8.16072779236114,12.909044272355194,16.363780568583792,18.042212590982373,26.29191491621433,939,93.89999999999999
Day_3,59.0,15.888319420463835,4.1561360878651525,7.716995109527719,12.683782153565572,16.21034248332544,18.953612855930537,26.66041315656044,941,94.1
Day_4,56.0,15.8218022936353,4.603921749314947,4.66906483091425,13.173089145418587,16.07417925563758,18.60911417501149,25.372669436990357,944,94.39999999999999
Day_5,53.0,15.384671094530352,4.221268113585952,4.008668863018345,12.837395132636995,15.250664114510789,18.41385068532759,23.180542727666342,947,94.69999999999999
Day_6,49.0,16.378373819075644,4.037048248652044,6.982239196356851,14.281505466812412,16.551165273203548,18.68986008289972,26.56522934661296,951,95.1
Day_7,58.0,16.47100782327453,3.86342692655782,9.21165472434284,12.823490440116045,16.685216953359486,19.35105490425876,25.726074573893015,942,94.19999999999999
Day_8,58.0,15.60392591734842,3.8512513574363285,5.644366755850014,12.877985269395111,15.839873877981262,17.69877486121286,23.888065751504797,942,94.19999999999999
Day_9,56.0,14.66894652235125,3.5832989912321023,6.692114498429449,12.459034809767122,14.970740813638646,16.56752523741253,21.850125438809144,944,94.39999999999999
Day_10,62.0,15.716790800967807,4.440039943965455,4.497985870533328,13.355452396283304,16.315116681565826,18.34348007450751,24.73625984489579,938,93.8
Day_11,53.0,16.308694604909135,3.5698882038794664,7.942512636362353,13.887247238436698,16.78637400971868,18.607695404450848,22.175013177554877,947,94.69999999999999
Day_12,78.0,15.335997431487362,4.2118940963989955,3.4624356334835653,12.382213446305778,15.626741529822286,18.116191837621223,24.310454031345508,922,92.2
Day_13,69.0,15.591652815882561,4.024877951363069,5.897094326809223,12.883102145565624,15.389674363078196,18.91100743089105,23.45400927036401,931,93.10000000000001
Day_14,58.0,15.311808703270081,3.8548591804040284,5.983161688905301,12.900651519369458,15.010894028704778,17.821944171651786,24.60532687872639,942,94.19999999999999
Day_15,46.0,15.382642251905844,4.169485469649514,7.499300502080621,12.143062111639576,15.354214213228966,18.61609045815969,26.033563446127147,954,95.39999999999999
Day_16,51.0,14.36041865672237,3.1054704253823875,8.170284190521599,12.839208022119958,14.405907175029238,16.40359882664224,21.66073945069437,949,94.89999999999999
Day_17,53.0,15.358325222769322,4.523091679022632,4.941090969711311,11.929124597768642,15.7061583767304,18.623901495897776,25.26557960973092,947,94.69999999999999
Day_18,50.0,14.45445659456547,3.4618613848875763,6.109189485019392,12.069735717617778,14.580036397966996,16.67095338501099,21.293566701627576,950,95.0
Day_19,47.0,15.695566255897951,4.00084227688118,7.286438338565789,13.76603242589619,14.989344058186482,18.666247040846333,23.791050875923613,953,95.3
Day_20,65.0,15.351090878119384,4.013779530952192,6.363016993038378,12.105575381492166,15.950509580500723,18.66999483398806,24.3508077040548,935,93.5
Day_21,64.0,15.223273888959376,4.027092401536251,3.492343476746764,12.971717917475821,15.660206234498105,18.208872333668637,23.736748040304978,936,93.60000000000001
Day_22,49.0,15.829384742354547,3.9227495265409322,6.932540950553781,13.771765427791587,15.179019696688885,18.465091524420924,26.37416523963636,951,95.1
Day_23,50.0,14.950663512389488,4.272433358912176,5.378534249604605,12.650636213534057,14.806911052994455,16.92380399317442,26.75461120571445,950,95.0
Day_24,48.0,14.959374219803513,3.5757020351894693,8.69889926516909,11.700237805087115,14.51285587160065,17.740260286765825,22.09370209219456,952,95.19999999999999
Day_25,63.0,14.246961715340936,4.215266706062037,5.249172729703368,10.824058394715781,14.32853761972762,17.070071880132126,24.256363273683743,937,93.7
Day_26,53.0,14.935506327484187,4.505968740795637,5.242029673040829,12.11635634630553,14.833324609722158,17.355134285478936,26.72119716675944,947,94.69999999999999
Day_27,60.0,13.50120255105985,4.231771466276456,3.0450817845458262,10.860363901396337,13.003950748514026,16.594011914930313,25.26593218923786,940,94.0
Day_28,61.0,14.87862009737615,4.313555258970447,5.270756867338057,11.82218708815392,15.137187932909656,18.390593540326616,23.367314049338617,939,93.89999999999999
Day_29,49.0,14.297703102625176,3.9384790345505545,6.8043877567447995,11.182836221945948,13.958424835773403,17.485553867146187,21.133086140817593,951,95.1
Day_30,57.0,14.353878805263273,4.532254250530039,2.734966029590995,10.798264666889004,14.79022007240213,17.748800876678335,26.720569142407847,943,94.3
Day_31,63.0,14.541446019744521,3.804436896841095,6.015019583016994,11.615919624668832,14.108967111857288,17.278103800475968,23.54296760169251,937,93.7
Day_32,42.0,14.419543031751118,4.138163716948496,6.0581862004115195,11.872698132180846,14.102866565433988,18.151875127721528,22.52142628826116,958,95.8
Day_33,43.0,12.739210661209254,5.034312141119629,3.2775185170018086,9.155485496764133,13.021719942919932,16.539195641729105,23.1597849655083,957,95.7
Day_34,59.0,13.263227477401283,3.5224175023843967,4.324640956185008,11.162856849045408,13.29796833731904,15.532859985014529,21.771785268946463,941,94.1
Day_35,43.0,13.484060465327806,4.039022644288141,4.884226642590694,10.523157351357037,12.897337925337132,17.01900988092109,22.288733046658837,957,95.7
Day_36,51.0,13.270473667146875,4.183084578823478,4.77184715800172,10.09861510198488,12.656838231517916,16.626144011587577,22.699272286658555,949,94.89999999999999
Day_37,55.0,14.08878398398221,3.5378853461537796,5.511475323574421,12.35390031143902,13.838719200441185,16.47944808214528,23.225097901977797,945,94.5
Day_38,62.0,13.417705062701925,4.297260866739038,3.023970840797065,10.396657179604004,13.047838069690272,17.05800563233583,25.87283706247628,938,93.8
Day_39,66.0,13.69002414579964,3.971775138672339,3.026972706648328,10.680216953608525,13.827023146379137,16.146704942307686,24.46851696336124,934,93.4
Day_40,60.0,13.464773179005356,4.628625926921746,0.0541555269703373,11.068908409963655,13.422282451437951,16.476866214801433,22.30946545063856,940,94.0
Day_41,56.0,13.057701968782924,4.570706894771405,1.5017657841621306,9.976318623433368,13.219393607500198,16.095871657033253,23.451827319773123,944,94.39999999999999
Day_42,49.0,13.579404056385853,4.144176167339813,2.009308432814554,11.162956664005904,13.278139344530604,16.7212113902876,26.09032161593362,951,95.1
Day_43,36.0,13.34816728804909,5.363041058090251,1.3598081652506586,9.295318153012195,13.91569581577334,17.74704767044363,21.90640125220648,964,96.39999999999999
Day_44,66.0,12.998917576551738,4.518567649030329,4.913744985033978,9.63067854767197,12.298326397355659,15.675440097357995,22.71081994837354,934,93.4
Day_45,54.0,13.114868893290883,4.73376669275016,2.6871777731130315,10.092011034456128,13.332664140307907,15.807289067413434,24.075330480551777,946,94.6
Day_46,61.0,13.379766247350421,3.860154951877879,3.0581345862679656,11.061471591614302,13.247482711713708,16.11716135327986,22.732994622605524,939,93.89999999999999
Day_47,65.0,13.200312708141746,5.066652610764161,2.119678141904913,10.125197677536343,13.26789709668702,16.16924498506298,26.215232706717934,935,93.5
Day_48,55.0,13.087830142036388,3.893428777325458,0.1251747496943758,10.90160589703748,13.125700803880251,15.742270443356253,19.786020262722865,945,94.5
Day_49,50.0,12.796856073396906,4.2069689772297005,2.956802098270437,10.927449872018965,12.731816377392985,15.1549018083149,21.608461893945208,950,95.0
Day_50,61.0,12.908474506120163,4.502588837405604,2.6355835566470605,10.069469080092782,12.506861437132402,16.694277204459738,23.2230193226652,939,93.89999999999999
Day_51,58.0,13.813596902257792,4.434209992959322,4.439451821770083,11.37299168559641,13.544503918270964,16.339400512731242,24.248334608237755,942,94.19999999999999
Day_52,56.0,12.828248131478874,5.103063835405925,1.7828903963772804,9.855654194672724,12.692286274310515,16.86077277052724,23.741372269665668,944,94.39999999999999
Day_53,39.0,13.008550620075656,4.344562702716588,2.650636225031884,10.578561262240859,12.482481324790664,15.310314253761433,26.17138817137251,961,96.1
Day_54,45.0,13.231790522298112,4.100479466137474,4.12800489948982,10.309012314629982,13.487798369120451,16.492566927080524,21.520645290050368,955,95.5
Day_55,55.0,13.423401663925999,4.210457533248905,4.306486465479397,10.900855412616274,13.259228117122236,16.130438932822077,26.883231564278717,945,94.5
Day_56,51.0,13.692925034794326,4.4483338073798055,3.5977871302402757,11.571747216086866,13.537652618346751,16.72486175958886,21.96038237451183,949,94.89999999999999
Day_57,64.0,13.246779838362187,4.628302762230838,2.845399461180224,11.24547704935,13.24329982875794,16.608055220165227,26.75490000983711,936,93.60000000000001
Day_58,56.0,12.282159230195921,4.117643327825959,1.216890146386227,9.674454075624237,12.48716701553941,14.824623920681933,23.935030176615008,944,94.39999999999999
Day_59,59.0,12.276644614038377,4.829869345490917,3.815021951702072,9.10211846502007,12.187796531902258,15.829191809669528,25.269388098384685,941,94.1
Day_60,57.0,11.524534636459576,4.986042998798808,0.887653404270945,7.919046945443145,11.951369763059876,14.20592767800244,26.46249582671392,943,94.3
Day_61,58.0,10.843417074627341,5.090995839657681,0.2503331336245868,7.2614800286597685,11.832381278557513,14.69806414138014,19.969713775214316,942,94.19999999999999
Day_62,56.0,12.743309969976341,4.3649575709794055,2.4700952960174645,10.497029425287103,13.07450064079584,14.391112131786132,23.399735052962015,944,94.39999999999999
Day_63,51.0,12.751094142074589,5.085176363729292,0.9515110811332724,9.936858272735389,11.961930802005917,16.025645086560488,23.821792395798315,949,94.89999999999999
Day_64,47.0,11.972318458766543,4.748555679375273,4.112234946687414,7.919311957675449,11.914296090093911,15.089792550099215,24.38061526614324,953,95.3
Day_65,42.0,13.565771937761172,4.374309940125142,3.372243525874662,11.01961245485472,14.102945053188686,16.335052423698627,20.776615778699025,958,95.8
Day_66,57.0,12.768128205205684,4.380751408908533,2.330695683594328,10.580249237824953,12.433305687606271,16.03902156921632,24.00075663915285,943,94.3
Day_67,56.0,11.734711729220814,4.669536016814239,3.1483675758671072,8.698677157573586,11.530357007434691,14.422189960340877,24.04930840774788,944,94.39999999999999
Day_68,53.0,11.507370729118394,5.031126341805221,2.0994028266113567,7.248695483684635,11.936154786625227,14.190579948677945,22.19710145945493,947,94.69999999999999
Day_69,51.0,11.538558363038788,4.578531117375515,0.1212675708484383,8.124507122978725,11.5860919948314,15.300603442800691,20.368811041045657,949,94.89999999999999
Day_70,43.0,11.75293189412932,4.4546699448464615,2.1633873658394047,9.265937659394865,11.809634017133629,14.794806944586147,21.22492639565544,957,95.7
Day_71,45.0,9.897707872020172,5.140241746715731,1.5994810057485846,5.7914147083783,9.824236434285098,13.48422858989578,22.93089291938797,955,95.5
Day_72,56.0,12.659620641657499,4.727910510977945,1.203411502016044,9.775529315605613,12.223583558477372,15.88407068180917,21.418826942395413,944,94.39999999999999
Day_73,52.0,12.530923475059502,4.800423776823613,1.2635865161444415,9.785964318955553,12.45365761753268,15.621433884746839,23.26504326022208,948,94.8
Day_74,47.0,11.352276152914945,3.748796101502788,2.1833393823821687,8.824137499141225,11.361386209048678,13.828708512828197,20.181608164714515,953,95.3
Day_75,49.0,12.289677890873039,4.277623675615439,0.9555990698948156,9.98177863977426,12.66020157730044,15.29370097647926,20.49819074456496,951,95.1
Day_76,46.0,11.280883795228588,4.69970081684121,2.203472434522463,8.034147470252709,10.90564969081975,14.217843259095662,21.49783397507867,954,95.39999999999999
Day_77,43.0,11.098365762290753,4.413771476945041,0.4390388719924666,8.590363448987066,11.395041489319578,13.225696280050759,22.754046783505792,957,95.7
Day_78,40.0,12.02012016777152,2.9838486610785453,3.8927861589683648,10.012447139990586,12.165729057789253,14.39698125484958,17.287599631520578,960,96.0
Day_79,51.0,10.510591680026382,4.401622166989788,1.1927670295735882,7.377018646050514,10.355734953829808,14.249278082319888,19.06944712864412,949,94.89999999999999
Day_80,47.0,12.411070149319947,4.893425635521797,2.3870662669697778,9.274599649067692,12.008242712308972,15.149678251985847,24.673223852190333,953,95.3
Day_81,40.0,10.387381301771468,4.375414268038256,0.5862055464798948,6.975129484706388,10.704157580866902,13.50354875640361,19.925681814083433,960,96.0
Day_82,44.0,11.450704658285495,3.8291966161469033,3.3723159226809325,8.574373111236998,11.405880236997028,13.394671619156341,20.15704004016242,956,95.6
Day_83,51.0,11.866096054148393,4.5879904680736585,0.001645901513926,8.893633254052649,11.118509410852925,14.203036681833424,22.81182122285992,949,94.89999999999999
Day_84,44.0,10.638141346829684,3.803734134870341,0.9947855985713162,8.499609782159023,10.179186860852383,13.51193932578139,20.940515997406525,956,95.6
Day_85,44.0,11.31336162740064,4.0497890043514815,0.5603574140776527,8.912419528145042,11.115773998091711,13.903866248048816,19.80019896266669,956,95.6
Day_86,38.0,11.822334843496543,5.0153537507437616,2.943445568214167,8.713731883129812,11.41981412602183,15.524816856812356,22.848319558695373,962,96.2
Day_87,48.0,11.028190233810534,4.272333205368043,2.774906495036448,7.836971765582105,10.895891565054715,13.0579163650843,20.664810477546073,952,95.19999999999999
Day_88,34.0,11.12429567688979,4.385293046058662,0.2235542500759802,9.224933026572279,11.323434072403728,13.704644439869528,18.437408239162647,966,96.6
Day_89,46.0,13.060889699297537,3.193275014909471,8.148836069118694,10.676869966645924,12.917982456259635,15.260611044634928,20.957249241868745,954,95.39999999999999
Day_90,45.0,12.310617457005947,3.9683796194290473,1.3428253403116663,9.308715846535618,12.425486459760553,14.54465840757579,20.78055712793786,955,95.5
Day_91,46.0,11.824024513569745,3.8089849879379667,4.81790206844189,8.488232612272526,12.038529997730691,14.141231527279455,19.230863326135353,954,95.39999999999999
Day_92,49.0,11.462441348124763,4.823072980601548,1.0846496434793431,8.918617865701112,10.802667665935276,14.82857761578759,21.347849405918705,951,95.1
Day_93,46.0,11.706776415995533,4.559446808367666,1.4126216357258206,8.683595518856325,11.140436908161892,14.467264193253317,23.39317198243917,954,95.39999999999999
Day_94,39.0,11.20771468967283,4.558515053275375,0.1341682024184183,8.66549309500828,11.61950432226636,14.295858216959338,20.016901090873823,961,96.1
Day_95,47.0,10.090927687623482,4.312642672665778,0.5245831202454423,7.380135555983912,10.532195997687776,12.972080225231094,17.938031831101597,953,95.3
Day_96,47.0,9.86057697634805,4.716934551287244,0.7675436423154925,7.257863998947915,10.69686675498173,13.20149960439246,20.47000158209153,953,95.3
Day_97,38.0,9.72390595498491,4.821869212472435,0.4422997199867041,6.218178862912266,10.061286818917786,13.473050337492852,19.347255367662033,962,96.2
Day_98,43.0,10.89879367162263,4.0091375876149495,0.7734297023744867,9.035272213089403,11.15403677422877,13.779259753766674,16.66662015191513,957,95.7
Day_99,26.0,11.06085795189055,3.590806770945238,3.3570243807585323,8.825530459381934,10.206998608009641,12.841062652267148,19.190540952534143,974,97.39999999999999
Day_100,41.0,11.776050564635087,4.333912335994371,2.832657510312266,7.803249342844193,12.834968742208028,14.752959757529716,18.77421808761109,959,95.89999999999999
Day_101,43.0,11.405347456152992,3.989674189929096,4.385212073945004,8.102336481181112,11.448290736401228,14.13573125748929,19.50493619516028,957,95.7
Day_102,47.0,10.26047161528784,4.448212699948063,0.3276602656752638,8.013305059780386,9.86519517463655,13.51883652339989,20.61992577094078,953,95.3
Day_103,39.0,10.540543258492875,4.553382783226348,1.086805175629382,8.37124801187948,10.691487277241936,13.413300519708082,19.39466239227148,961,96.1
Day_104,50.0,10.55532306768368,4.944305355570097,0.8368712924094813,8.028350863061782,10.021946178471197,13.303972681111466,22.278122525782628,950,95.0
Day_105,39.0,10.220488809252524,5.042823137065006,0.0359261800134529,6.506953083890485,10.305768231511312,14.261441997629959,20.180140424766044,961,96.1
Day_106,47.0,10.941856076593439,4.440980815003222,0.1179041997216203,8.02268274144889,11.044484896893511,13.387772533558515,22.645140511524612,953,95.3
Day_107,36.0,11.31943333586602,5.022430428593998,0.3443283436657471,8.581146760725876,11.154428019452665,14.020927987084974,22.17666423363555,964,96.39999999999999
Day_108,37.0,11.324046598385854,4.2835415484434884,3.653076370806679,6.411937197205791,11.253398658143826,15.566929732784796,17.664323772334573,963,96.3
Day_109,48.0,11.254097683965774,4.3723840133619065,1.451926649831988,8.880437553047056,11.473317354196247,13.475086227419254,25.301280278841094,952,95.19999999999999
Day_110,34.0,10.972264045297306,5.380469622851143,1.8799654851103145,7.637634598896761,10.673810082396486,15.560874494541656,23.862152883400785,966,96.6
Day_111,36.0,10.826396359399888,3.439205492966843,5.11881687639657,8.30618037031094,10.260253634823743,14.102607166194014,18.374976598354213,964,96.39999999999999
Day_112,42.0,9.769775447087763,5.6029736916418,0.1205253261440271,5.843585667496333,9.774840641266135,13.440144248735269,22.07391744315416,958,95.8
Day_113,34.0,10.314520798414074,4.855472039163394,0.6757886840217142,7.23284885920208,9.75761484203682,13.448289455815743,26.159221914263377,966,96.6
Day_114,45.0,11.40317042312176,4.155712729907403,1.0344843142118492,8.954025998975645,11.87710859362639,14.428700955734676,19.05851342121609,955,95.5
Day_115,36.0,11.775669168438974,3.938164960295662,4.278878373604069,8.920433263759774,10.813362421389844,14.13931221959888,21.945942295546725,964,96.39999999999999
Day_116,39.0,10.329924560341974,4.299203956052887,0.2929514211679555,7.9313444669738065,10.956375780425835,12.411961573795326,19.35946208378004,961,96.1
Day_117,35.0,10.227006045105899,4.049596890746841,2.2480218195266373,8.130201713523121,10.482655297198482,13.22048589284808,18.936933636013432,965,96.5
Day_118,49.0,9.375566765797616,4.015260130259025,1.4328820546678027,6.538549919741219,8.93429172794058,12.396298463526026,18.742353426382497,951,95.1
Day_119,45.0,10.423633982979158,3.90723085944457,1.2469207650088543,7.80222226840316,9.841909045339165,13.41079358775356,20.75512638306418,955,95.5
Day_120,37.0,11.109590249339883,4.845700495615795,0.4490084658883042,8.344240863024126,10.844868884804818,14.62228108821916,19.079255497656767,963,96.3
Day_121,45.0,9.879200780009983,4.329756761346432,1.220436519268941,7.033495803092556,9.46802683955734,12.935929972237354,20.28285237570963,955,95.5
Day_122,31.0,10.798763951349581,4.740617453798337,0.5648941376366731,7.905774810166461,10.584251499120288,14.093152008020155,21.429249264672983,969,96.89999999999999
Day_123,36.0,11.445157233998312,3.6303468068736655,4.632037010302959,9.05141052366479,10.780825238282574,13.768772784035274,20.43827275108344,964,96.39999999999999
Day_124,36.0,10.017111319203757,4.206671748683462,0.2540926039825957,7.328774586186985,10.293534863528755,13.462467026685074,18.770601366599227,964,96.39999999999999
Day_125,41.0,11.126400349859336,4.767660930159011,2.6888070213191253,8.251308886152318,10.91961112725402,15.467919443529068,20.47814734736715,959,95.89999999999999
Day_126,48.0,9.937897114508717,3.85652895208032,0.1501010938493372,8.07105731393408,10.443046213177386,12.451200450176334,17.09837467214154,952,95.19999999999999
Day_127,42.0,9.297929285136583,3.929055640980413,0.4707611067569517,7.373934549461513,9.872268218653836,11.418670867223959,16.300158493935772,958,95.8
Day_128,37.0,10.32295944429573,4.399446358764925,1.6064705559021857,7.830639036424024,10.277876649062677,12.444135871386951,23.43700871864785,963,96.3
Day_129,45.0,10.942444497967807,4.179533252783885,3.626471515431508,7.951781654171144,9.65407614421668,14.307702269377062,19.82931722000234,955,95.5
Day_130,46.0,11.66998568254762,4.204691890109267,0.9876911661345136,9.281513595311868,11.834403891849883,14.467998305663713,20.454695774625527,954,95.39999999999999
Day_131,37.0,11.605047180173962,3.4705887869799295,4.249735319056155,9.013277102251392,12.040260101569594,14.438020975247891,17.537415275965895,963,96.3
Day_132,27.0,11.548256110586285,3.9573033003596776,4.830394512044191,8.666353114338435,12.27554408128401,14.046037608238098,18.31032455646411,973,97.3
Day_133,32.0,11.199504792779887,4.25503867612351,1.92285822612358,8.867912658604846,10.388874021618786,12.832426224377656,23.783437302938523,968,96.8
Day_134,39.0,9.707635539519693,4.036642190168651,0.1535610876627543,7.290097642978976,9.582819743914222,11.952525579743853,18.84067104668431,961,96.1
Day_135,26.0,11.213634637941794,4.455040234511854,3.508935683921867,7.480729221816506,11.034879951494144,14.332096642193447,20.874157989414545,974,97.39999999999999
Day_136,36.0,10.585469573073617,4.743380643449997,0.3876404983514207,8.163335098002143,9.782741859073196,12.821962619892517,19.790525991582427,964,96.39999999999999
Day_137,36.0,10.243719205182625,4.598285353278443,0.0886147146981268,8.68599597670307,10.82172737821061,12.932483212096919,19.825246390995368,964,96.39999999999999
Day_138,32.0,10.698116608377816,4.019438946921928,3.497424725737422,7.969869761260526,10.913589921054129,14.222058839872645,16.67157843146463,968,96.8
Day_139,30.0,10.882671869168952,4.901171128168945,3.193414001688169,8.20746392896337,9.945696724176575,13.200833815422914,23.91466566886877,970,97.0
Day_140,34.0,9.917628473285935,3.263321177461005,2.857034245438875,7.585719714093451,9.89180255489992,12.678530367448284,16.529961844950552,966,96.6
Day_141,51.0,9.401323018011315,4.675166463702516,0.5468615824063323,6.823900324604975,8.877063509503333,12.383870956134913,19.867977275827112,949,94.89999999999999
Day_142,36.0,12.242204410062433,4.967165280470184,1.5580368421780242,7.932596749919806,12.42978761195413,15.54086930847351,21.361247345656516,964,96.39999999999999
Day_143,49.0,10.678302712024127,4.7329236370846095,0.717456788365227,6.992672116214033,10.712841933417462,14.157307909800007,23.492354171686348,951,95.1
Day_144,46.0,11.399257716069354,4.7563881281378535,0.5148384831406043,8.293227494582512,12.288456912586955,14.70603257100499,21.11236766675455,954,95.39999999999999
Day_145,43.0,9.62423272093382,5.316794398383435,0.3022028130265856,5.964189166856275,9.925060308018493,12.719088815350112,23.258640002226336,957,95.7
Day_146,27.0,10.945153918326442,4.6545539657780095,1.9875909966600405,8.099628751136985,10.742283316394168,14.208662399150873,19.294253330684477,973,97.3
Day_147,35.0,11.133271315659654,4.371338817364486,0.4544859916376913,8.516186842313944,11.6746213314722,14.23858942679843,18.66144645120941,965,96.5
Day_148,38.0,10.977385322285896,3.4300297625090663,3.290684602851795,8.311933042130569,11.194584670158356,13.0058516138832,18.04912657993818,962,96.2
Day_149,37.0,11.907159205333336,4.327188566753484,1.9321915961291232,9.258023389250049,11.93305202398375,14.554349939530296,20.57375118303002,963,96.3
Day_150,28.0,8.810782110905482,4.22150887985014,0.4609304418730505,6.513426654786425,8.126536675476967,12.108287764425224,17.055538589592008,972,97.2
Day_151,34.0,11.350712413701896,5.055608921487834,0.3032104833910187,8.389137729109736,11.180115220782024,15.239350550972333,20.82882516898957,966,96.6
Day_152,29.0,10.94464341510403,4.613055209105713,1.9302937052088085,7.771160780700369,9.119239167093603,14.862752418404243,20.266994781403195,971,97.1
Day_153,36.0,10.86337353651031,4.830672136916612,0.6350160711772058,7.426987996702776,11.408878281760966,14.444287496409093,21.25232053939809,964,96.39999999999999
Day_154,26.0,9.97264821207104,4.9450415956228335,1.1015547640330188,7.045453157299095,9.0167516957778,13.482913765250483,20.501000861548945,974,97.39999999999999
Day_155,38.0,10.757924039676542,4.449387451193185,3.136738804500893,7.057075851066783,10.467933179078493,14.571949998431261,20.39235397274238,962,96.2
Day_156,29.0,10.642220213019089,5.957721296250123,0.3301816201376881,7.93937168171715,10.623154494053638,14.767442012926228,20.991260613666835,971,97.1
Day_157,37.0,9.376896734990844,4.73739810920088,0.0863471159016051,6.162171413439493,9.07722463521746,12.923861518350709,19.269008473823085,963,96.3
Day_158,33.0,9.923023749291243,3.7234766524996434,0.7550613879394439,8.132196440198019,10.671096427199418,12.395598347300588,16.741331792672256,967,96.7
Day_159,51.0,9.728510851102701,4.371141062428239,0.007868627346419,7.629361871951124,9.736607915083072,12.319778137552598,20.14573320925181,949,94.89999999999999
Day_160,17.0,10.4091684640353,4.735460945893029,0.6215818329695402,8.805523354942945,11.165417958859145,14.211640954538773,17.030733071229246,983,98.3
Day_161,31.0,12.495100194331254,3.9716230095318825,2.764132311126043,9.981786937476851,11.803354046233167,15.056897985704186,20.495123701910924,969,96.89999999999999
Day_162,39.0,10.643506241673641,4.52159899904062,0.3207941735364685,8.270229896506347,10.381232940320142,13.593268039195296,22.002837893499553,961,96.1
Day_163,37.0,10.508372739826514,3.954980082900905,1.485389245709484,8.060529360040148,10.232866043899236,12.771222652300738,20.956642595990868,963,96.3
Day_164,28.0,9.796603332106693,4.179640711114248,2.214651437748243,6.749715988491924,9.81089228026745,12.83040626283927,17.283821790312974,972,97.2
Day_165,32.0,10.342733646128988,4.020545862785993,1.4036548485435851,8.029169607574683,10.243847178434315,12.968823697009734,19.09119777827358,968,96.8
Day_166,35.0,9.097203894871662,4.3233188088060865,2.331797626772532,5.25807587798516,9.221269389825409,11.213376502808693,18.100521312080343,965,96.5
Day_167,31.0,9.545401385848194,4.357550070534698,0.4370104297814596,6.8963759241175175,9.448971041093486,11.677805319715269,19.54655812224171,969,96.89999999999999
Day_168,27.0,10.20167450002285,4.688459497539951,0.350150092461977,7.933611586747008,9.527506431670073,12.80228015703309,20.880834536688347,973,97.3
Day_169,29.0,10.43666936824563,3.573825919735943,0.680115525750026,7.6300225907972,10.551990485844833,12.978399441551376,16.388982501313485,971,97.1
Day_170,34.0,10.153807802840705,4.822699471707134,0.2192721480095908,7.8777454067817505,10.592757278608891,13.181496025480971,18.18230376496616,966,96.6
Day_171,33.0,9.394428958898317,4.669562213813285,0.2222101128896036,6.41262867732047,9.880704106177625,11.902075490031866,19.673979545848688,967,96.7
Day_172,30.0,10.94459501861943,4.193649382474758,1.4167742110471573,8.260197646315689,10.626134286480214,13.855859295979025,20.174181704276887,970,97.0
Day_173,38.0,10.784172618231663,4.859989910281405,0.2293744779875959,8.507406424473604,10.34239173996091,13.81559895843276,22.071280146170984,962,96.2
Day_174,36.0,10.822138688761582,3.367297229884159,2.161423546843757,8.29032917956931,10.448965752505353,13.429067270279788,17.862653898239785,964,96.39999999999999
Day_175,34.0,10.113062475235072,4.174781823955722,0.1080485485406901,8.064185290523747,9.792201830149523,13.056647574741104,17.377674278659462,966,96.6
Day_176,35.0,10.60959499257254,4.966763139481752,0.4385445240807095,7.013418631726608,9.921830410514112,13.522142653148205,20.786553773016234,965,96.5
Day_177,30.0,10.457580942334202,5.811290212874077,0.1097488418249564,6.211998183123457,9.860807319075258,15.030399876873227,19.925779681200677,970,97.0
Day_178,38.0,10.34709824407176,5.111398167324452,0.4466116108135644,7.242637665749763,11.349857497106392,13.62664749340234,19.901348141093056,962,96.2
Day_179,44.0,9.649592149711653,5.213652068572277,0.2785989645052137,7.0108487800057855,10.228015861903746,12.291819714341067,22.38040848637026,956,95.6
Day_180,34.0,10.237825756792851,3.646071048740641,1.0849879951281096,8.329785000173018,10.565191350541989,12.672386623015205,16.233992958559195,966,96.6
Day_181,30.0,11.878543054087078,4.112333424060692,4.430397456970357,8.66826751187621,12.079020968422684,15.028466449982059,19.134821745616033,970,97.0
Day_182,31.0,10.44696134167972,4.348386505696725,2.179471609370534,7.777850449846653,10.782314676761798,13.896219018916678,19.45705698429356,969,96.89999999999999
Day_183,22.0,11.224974628568168,5.47079641811937,0.559695053690255,7.7397433010970245,12.395872497749451,14.37099719893501,21.670599743968335,978,97.8
Day_184,27.0,11.15296651561315,3.4019466487723267,3.898180170867775,9.328230818058005,10.820279450857338,12.85234777592791,16.769194397322316,973,97.3
Day_185,25.0,10.446004861927488,4.874825797950207,0.1404486545146537,7.1999183545227075,10.414971063143778,13.844012293470165,21.748614482236288,975,97.5
Day_186,32.0,10.000347624727551,4.722988723066535,2.7556191753817703,5.872801813025418,10.430667442975432,12.679965710348132,19.740217517156182,968,96.8
Day_187,41.0,10.195270575100345,5.328274288479469,0.3667475618503043,6.662898407808909,9.926369459958543,13.42336220217766,22.38848735591017,959,95.89999999999999
Day_188,34.0,9.60006400210052,4.999868597346131,0.2715510949967668,7.26866304200163,9.164968997268588,12.053323874630763,18.384552449327103,966,96.6
Day_189,35.0,10.410256591131885,4.745957590388802,0.533153206355442,8.826771182725784,10.7097845024852,13.406089942143348,18.833136548841384,965,96.5
Day_190,26.0,10.986143248356942,4.528484603897881,3.5768044515666535,7.887578717031811,10.605410722341048,12.462664198917015,21.25767559708159,974,97.39999999999999
Day_191,32.0,9.19728459828205,4.305404026808713,0.7065974599322485,6.549100995019658,9.246459471818358,11.95015666790866,17.674200365117898,968,96.8
Day_192,29.0,11.328632949448458,4.340582138751249,2.326703892678929,8.279597854939977,11.154286452284362,14.26296533801403,19.33208039054368,971,97.1
Day_193,33.0,10.193088381192965,3.2184756769958067,3.917651426214099,7.939761499594641,9.78994866843926,12.0210941436789,16.18860788093703,967,96.7
Day_194,39.0,11.101001659360994,3.7798949476238324,0.8408652745567012,9.291950891196542,11.49367095525839,14.154274917202835,18.27572281395104,961,96.1
Day_195,22.0,10.019715764712794,4.222718355713341,0.198020819978296,8.198113140621373,10.590364508711499,12.884790770860288,14.940060266426718,978,97.8
Day_196,39.0,8.690480979439657,4.837796921593449,0.2318579926887224,5.343444915621332,8.726170438447108,12.144505708586841,17.958142954759985,961,96.1
Day_197,35.0,10.065193908698829,4.939707282194019,0.3483893544940838,6.985070933656188,10.707121787117376,12.816179460355315,18.602760883077252,965,96.5
Day_198,28.0,9.620454936637467,4.241109939687762,0.581021041922685,7.098736843600919,9.931362719872634,12.005544931332283,18.34750349306939,972,97.2
Day_199,22.0,8.689446206457433,4.9336073928884545,0.3839525893737034,6.173413465163242,8.96586836875847,11.876352379377991,18.62714703082502,978,97.8
Day_200,36.0,10.45120933815052,3.7674939160230836,0.0817481500800221,8.445762127916634,10.309080627569847,12.160647486387388,19.20118167255036,964,96.39999999999999
Day_201,23.0,10.860547577628891,3.9916448504948083,2.0249229877951183,9.378530559372381,11.078699374106012,13.80760235080605,16.187101430403114,977,97.7
Day_202,24.0,10.054764256182883,4.885866178885217,0.7294056479043802,6.46255331560798,10.965591233882703,14.389393139467707,18.295481911070052,976,97.6
Day_203,38.0,9.513778660649935,4.044331253959934,2.3240886821137097,7.195472149049427,9.490430847634062,11.92539050932464,17.516245151448224,962,96.2
Day_204,26.0,10.013968073821992,4.611182225869919,0.7756091484446302,7.014955567628805,10.780244875800484,13.435331143230407,17.410001183748616,974,97.39999999999999
Day_205,35.0,9.18041164157708,4.906104708216697,0.1395507173265526,5.911774409011887,9.593537856418148,12.861566787773455,17.560365408278095,965,96.5
Day_206,29.0,9.192945215346027,3.3678738984700836,0.1508279493785496,7.466507144839006,9.38223221637428,11.634048231040689,15.307691122391342,971,97.1
Day_207,32.0,10.82224262269205,4.857211072372719,0.481957011398018,8.1048394562172,9.344720097204071,13.218072185371947,26.427862308704334,968,96.8
Day_208,31.0,10.404876020765894,4.395846447036206,2.292508742398888,8.211770993503887,11.269458922976204,12.858012554402526,20.199714589360664,969,96.89999999999999
Day_209,25.0,9.588517445224918,4.051526900239279,0.0301945871828509,7.848705828386203,9.464367467658654,11.785957042991326,16.282535453434704,975,97.5
Day_210,29.0,9.284453046544156,4.246504836735725,0.2601039704894547,7.1842498558077565,10.484701106037791,12.295070348677456,16.189840027701248,971,97.1
Day_211,36.0,10.187956124613406,4.218493006534781,0.1553951382417677,7.96828620321466,10.15318104634246,13.464567964351904,19.1807613665366,964,96.39999999999999
Day_212,17.0,9.627924349688096,4.4047963516589075,0.0771887008594267,7.32192910010418,9.643933344147278,12.970289061113595,17.65037644130996,983,98.3
Day_213,42.0,10.854337991534061,3.4713523044746273,2.6525321428970976,8.73424658285055,10.520382166636953,13.434517395490369,17.281864600274947,958,95.8
Day_214,35.0,10.539220705822942,4.038372084676119,0.2474297378435116,8.016834102429835,11.020507510236444,13.3903657521133,17.27041891987904,965,96.5
Day_215,35.0,9.225546360544929,3.6244019440989743,0.2995866759414197,7.274071010419707,9.838035441664555,11.278235053789158,16.541272837787485,965,96.5
Day_216,30.0,12.153391656375666,3.6346037303778633,3.91014142816028,8.893679182033358,12.782581419429075,14.512593117384775,20.097589221171276,970,97.0
Day_217,27.0,10.699920923512927,3.7530997326589337,3.246240169605924,7.846055623600047,10.06578696984318,13.947156208244703,17.83192678456602,973,97.3
Day_218,26.0,10.459365378375669,4.7097013302063475,0.2846185831803249,8.490650077983158,11.120914441773635,13.087218619253147,20.67935490851485,974,97.39999999999999
Day_219,20.0,9.697104614562885,3.078774346034289,5.155922139647544,7.369361136357428,9.812710347092263,11.30301476097786,15.446266921287965,980,98.0
Day_220,30.0,11.19903813239574,3.7401936228187624,0.8720840060944957,8.627687514823936,11.275089677056938,13.61527958452758,18.280163850268604,970,97.0
Day_221,39.0,9.221113494224712,4.281465326162359,0.1602625638622585,6.5554807545804366,9.958170348951263,12.410079335019716,16.50869921048869,961,96.1
Day_222,26.0,9.230101200967349,4.542842005128219,0.1201014277877018,6.115088507876593,8.604141098368682,11.180489033621582,18.083909145703895,974,97.39999999999999
Day_223,31.0,8.10051065347515,4.185132355808749,0.7923813841590119,5.1899228153975905,8.012975396333378,10.872117629518526,17.07643232799612,969,96.89999999999999
Day_224,32.0,11.11815631117123,4.712398910826727,1.126793405421783,8.814000147778096,10.813167633412037,14.061373749670885,22.904136539606583,968,96.8
Day_225,34.0,9.857212767388223,3.6406559202943596,3.806911741752258,7.207876044073905,9.410424084284136,12.152474180004392,18.842561200201516,966,96.6
Day_226,31.0,10.43663072014963,4.410937640015006,0.971265839293344,8.013584526847282,10.622431312412669,12.7778524900334,20.17044920081086,969,96.89999999999999
Day_227,29.0,10.676910315138521,5.468347278637647,0.3849721900804472,6.846336732638696,11.897527285148174,13.931827878442038,25.09422960843966,971,97.1
Day_228,27.0,10.017103907230377,3.8314358941399846,1.9719470422586105,7.310967100127417,8.972876006486862,12.837138114762961,19.19201782423548,973,97.3
Day_229,36.0,9.732721204425264,4.156368470977918,0.0857194720660617,7.520812473189664,9.740608285399361,12.68653120763228,17.48203791270808,964,96.39999999999999
Day_230,24.0,9.575316593416959,4.610651456704393,2.023324224646443,5.470184412405128,10.649568441590159,12.791111975281089,17.538930585838887,976,97.6
Day_231,32.0,8.626081219443783,4.19192853095712,0.6113414171173366,6.0679948006587665,8.080766251312498,11.78744879013367,17.854205522142898,968,96.8
Day_232,27.0,11.084436175153044,4.113740298584376,2.917013395244835,8.870439370665604,10.220696456383122,13.952610806329925,19.26962496631886,973,97.3
Day_233,31.0,9.968704665878791,4.453886267703752,2.0783820034915856,7.494043762911069,9.510595926275515,11.89227543736757,20.55950311495584,969,96.89999999999999
Day_234,35.0,9.263014877614934,4.102290295431681,0.1627395584008391,6.510933737687606,9.919278347743983,12.22417031105698,17.457128243000074,965,96.5
Day_235,38.0,9.718748244806909,3.5802201655786816,1.1502987947009318,7.46399935481406,10.076940393819635,12.23632581423559,15.871807918619554,962,96.2
Day_236,32.0,10.625771502047066,5.055291803737462,0.3214420008018466,7.61422229065553,11.692321930833149,14.340140038232173,20.417812546118174,968,96.8
Day_237,22.0,9.33105623254822,4.466541034309482,0.4019201834198067,7.0038356918051665,10.197562079826659,11.82970617907842,20.15131760297471,978,97.8
Day_238,33.0,10.72331301186461,3.539244323194695,0.3545322640971755,8.846607140976165,9.910739868973913,13.166993139081756,18.409861676702292,967,96.7
Day_239,30.0,10.721056552332293,3.1445304081547043,3.544648412121046,9.360380970602975,10.175185716233784,12.636690401210492,18.940535275710072,970,97.0
Day_240,32.0,10.462546112567054,4.7100649876797185,0.2027505788902699,7.150972025251048,10.3025997403131,13.587005849594316,23.52612930557338,968,96.8
Day_241,37.0,10.735726464741395,4.643151017788527,2.7229352876953947,6.969931414535649,11.271563500106812,14.200132052712656,17.576403120605246,963,96.3
Day_242,28.0,8.797989969265656,4.2791970091471745,0.1087594887378313,6.30028150028949,9.702849829026249,10.53471910919365,17.19978300278666,972,97.2
Day_243,28.0,8.224941071602363,4.02336286346367,0.2794685131369098,6.093666898636481,9.756514453640778,10.250710081340277,16.155902227074648,972,97.2
Day_244,28.0,8.051646459402285,4.425417335924399,0.069305413894979,4.488043143360569,8.06286865996563,10.873730389104097,18.74584534372775,972,97.2
Day_245,38.0,10.489652218702233,4.116760700750237,1.106858002543037,7.847482782408465,11.04858836314537,13.64803335833927,16.989310762376125,962,96.2
Day_246,28.0,10.272643255371289,4.585310979837958,1.7730323549607745,6.823032058280223,10.907786220074783,13.109441670011574,19.085549130838263,972,97.2
Day_247,25.0,10.152289133656899,2.6687541272977278,4.709046076351909,8.290662228842288,9.64251938227765,12.11523559467981,14.555266349504825,975,97.5
Day_248,32.0,8.950568841487232,4.546870188710099,0.2702930922544014,5.373152707475692,10.048274560292793,12.020154150689969,16.952998916967083,968,96.8
Day_249,38.0,9.318222325951503,4.907851996512321,0.2641461851019432,6.360296825957343,9.708977806395833,11.681514762710146,18.063060247313455,962,96.2
Day_250,29.0,10.87810642894518,5.136534787276721,0.0135550645370114,7.552995770118393,10.936264900953478,13.834044058197676,20.256223056053585,971,97.1
Day_251,31.0,10.140056188960951,4.744140282380745,1.3897845637702997,7.001637907667985,10.5592741674658,13.6468235873899,19.78494252173346,969,96.89999999999999
Day_252,21.0,9.332934318073564,3.8425525657190462,1.6737932786819614,6.840595932083496,9.96085570275226,11.184821212340204,16.586494711023942,979,97.89999999999999
Day_253,38.0,10.023081146106234,4.848472348081581,0.0540839986713447,6.387318255718876,10.283909535618054,13.593181074499652,19.329024038790447,962,96.2
Day_254,35.0,9.883012928429523,5.092162380293854,0.029038945223757,7.9371786754289015,9.977987091297797,12.745815239374977,23.130084910663825,965,96.5
Day_255,29.0,8.024770832976998,3.6348388688718605,1.5640564715214662,5.277558176811014,8.875683199540918,10.862122727815189,16.034130299911617,971,97.1
Day_256,34.0,9.811183104052953,4.0075665299716,1.3260708223882198,7.113447619826058,10.202560427348885,13.070749817360106,18.197169603958024,966,96.6
Day_257,37.0,10.710167610738427,4.510089174115088,0.602553095041863,8.192092042033845,12.014610503554811,13.75534270726214,17.654102330101313,963,96.3
Day_258,32.0,9.483340221005522,4.380547175349586,1.0220749697592213,6.737589485502043,10.133654920477099,12.567479749643033,16.731919382546604,968,96.8
Day_259,30.0,8.849737370969654,4.227716666834294,0.0542579643454642,7.000845281724521,9.117702349714346,11.432059098154065,18.282494400397567,970,97.0
Day_260,23.0,9.604215076419262,4.51437996591249,0.306756328567844,6.7157594878501214,10.628739533695615,12.176371436660677,19.51431502754359,977,97.7
Day_261,23.0,8.679912345258144,3.8509932281817707,0.8164127131311838,6.722422801249673,8.240178374722028,10.787987176499097,14.927479728593324,977,97.7
Day_262,41.0,7.596373509637156,4.966044935224395,0.0445553133798499,3.4778964490762583,7.783213306530044,10.6532974035961,23.179406870198875,959,95.89999999999999
Day_263,28.0,10.068163086306978,4.058189393234527,2.556338486728489,7.968854521162545,10.498352596095867,12.796432858545469,16.772596819957702,972,97.2
Day_264,33.0,9.16854496625469,4.781698763216715,0.00840802492639,7.118296245514139,10.170563576095091,13.143247190184644,15.979896501196247,967,96.7
Day_265,36.0,9.388210429563912,3.845061078905291,1.4899369941894514,6.698357616653353,9.43976241225875,12.145430974874655,18.86512377420117,964,96.39999999999999
Day_266,25.0,9.9444574753218,4.976403373268616,0.4098135419841207,7.903222310814231,10.471339226995418,12.356704435193144,22.949143984328806,975,97.5
Day_267,37.0,9.834862251083969,5.202689571608434,0.0002205912436306,7.684951232541992,10.01141463058656,11.35492571726424,24.123991979133205,963,96.3
Day_268,32.0,9.917727335465495,3.984651569661321,1.3024264715681593,7.72255108230363,10.615635755371951,12.944120459837169,15.882183294375883,968,96.8
Day_269,24.0,10.9092256510568,4.542341140131668,0.6228607499615701,8.169584029197159,10.733528252779411,13.071861959183826,22.428930557182724,976,97.6
Day_270,30.0,9.1723576711482,4.087159279277474,0.3318321073994266,6.629185726694176,9.726731618164923,11.961824389707065,15.4448341474674,970,97.0
Day_271,27.0,9.440980069611399,4.2344757620789615,0.5744390671453128,6.485520434236996,9.698474307690809,12.343622051641205,19.07801953752156,973,97.3
Day_272,36.0,9.679655366125743,4.194777628875004,2.2234911208789447,6.760167361251259,9.728820679372216,11.712452943421484,21.888246592945535,964,96.39999999999999
Day_273,34.0,9.330310344109217,4.041107990176533,0.6635248010654363,6.677483955339452,9.26948144779257,12.267105244256125,16.64143058941179,966,96.6
Day_274,38.0,9.49428830234825,4.205432955546032,0.6292666022078217,6.383959240482319,8.664193171009845,12.364209340480098,20.0735067862212,962,96.2
Day_275,30.0,10.354993073011359,5.0033811336473155,0.4776062500495562,6.992092146579721,10.053888981577892,14.729486122249241,18.48789590128025,970,97.0
Day_276,27.0,10.424303931707781,3.84553899528743,1.968078833784336,8.162105881216865,10.271990505733545,12.565105311385173,18.1892021561655,973,97.3
Day_277,24.0,9.084783843079775,4.12664785458906,1.5408265167356845,7.2975553791270835,8.76705040244995,11.128855978937501,17.752164361481288,976,97.6
Day_278,30.0,9.801286610854671,4.681789474384678,1.336978209207092,7.254147961044384,9.852581132567174,13.563474049171528,17.96578158434732,970,97.0
Day_279,25.0,9.382313873242047,5.31055444791849,1.054222822426333,6.331525141633841,8.853205404867477,12.866731291744236,22.6779995974945,975,97.5
Day_280,35.0,8.96654660016156,3.7993613963157777,0.1530243779753029,6.75305763840752,9.17342787298788,12.016021930893984,15.70880183962767,965,96.5
Day_281,31.0,10.415008972051462,4.1082434555355585,1.616669914360646,7.939477143935427,10.935869091749677,13.083827615707747,21.48754191863474,969,96.89999999999999
Day_282,31.0,9.719476817479563,4.358202638234267,0.1644659257159558,7.105556119312011,10.480828323589726,13.086173400446992,16.72389148699389,969,96.89999999999999
Day_283,33.0,10.050958315566684,4.261035585626925,0.5682345383299356,6.739310275092578,11.147602466345388,12.80699133191743,20.180768633078586,967,96.7
Day_284,34.0,10.667549678132964,4.499502255333229,0.0340652703098208,8.123593626531848,10.186549587362691,12.847382563996373,20.065944108392227,966,96.6
Day_285,33.0,10.629575072327036,4.902145619130062,0.8038735981999587,6.81887173504824,12.297431804784203,14.283557633097182,18.86983693587323,967,96.7
Day_286,39.0,10.664502526464409,4.371600103968208,0.5264606900332187,8.079007408956372,11.018030484615124,13.906624920899635,22.299878004100332,961,96.1
Day_287,31.0,9.973478986694756,4.472255709715683,1.4860724339824736,5.840283813371952,10.673641039192532,12.765713311180946,18.816568785051935,969,96.89999999999999
Day_288,29.0,10.19924541284471,4.167393500421048,1.847751085700636,7.8005045455477475,9.99732076907816,12.866048359500072,17.1216205257885,971,97.1
Day_289,26.0,9.08658833119996,3.807322616876492,0.87409858018026,6.991992009500185,9.391812268378537,11.628167566500053,16.654649741844548,974,97.39999999999999
Day_290,32.0,10.30257740790211,3.9712387433213636,1.8505809587112292,7.90128002060688,10.180905801949873,12.776618817771848,17.610698303531976,968,96.8
Day_291,24.0,12.0167625042511,4.046001892934557,1.739139681325767,10.207105407811582,12.105809828758119,14.5307828923303,17.90454823372889,976,97.6
Day_292,25.0,9.299044467821654,5.074960337639436,0.3725900265570666,6.954155452877228,8.74072912671927,13.069796865100574,20.168714345715365,975,97.5
Day_293,31.0,8.580915391743714,4.749352415670701,0.0799906899990672,5.109407329616732,9.866302321608147,12.127810703632619,15.511224184857204,969,96.89999999999999
Day_294,28.0,10.572093375455,3.8536462300152965,1.7129279704377314,8.90720518854829,10.698109378184377,12.452200404351258,20.54463470063344,972,97.2
Day_295,32.0,9.352598593046913,4.694545343323769,0.0340886485252746,6.454045730306316,8.213787070205452,12.834602611110203,18.432497291401635,968,96.8
Day_296,41.0,9.051191467462802,4.399171312387472,0.2427597055981442,6.128530555700037,8.813546814739718,12.078604300691383,19.809893959809997,959,95.89999999999999
Day_297,36.0,11.130605079320409,4.130054611323142,0.373801823298413,8.343256533380096,11.0302538732624,14.918195508970788,18.648873001183816,964,96.39999999999999
Day_298,23.0,8.951229392576838,4.0140718320852455,0.527926404358538,7.255720170179032,9.59443012269115,11.76962196029737,15.28635342247039,977,97.7
Day_299,33.0,10.216262731528154,4.484006955836911,0.3200584147218367,7.848253091969656,10.29561813115254,13.07653953593714,18.484716566316816,967,96.7
Day_300,33.0,10.201114497362072,4.348531761718808,0.1637953687530154,7.39779438720954,10.6008405818335,12.26171380527092,17.83759011542892,967,96.7
Day_301,23.0,10.2910785869304,4.4502388412639435,1.817667307420395,7.023606277428424,10.186111832971909,14.07259740990828,20.706552526902236,977,97.7
Day_302,30.0,9.661561320616515,3.896328001665118,0.4871099192179605,8.019224077702507,9.843579573720927,11.949482288373817,18.712899703754218,970,97.0
Day_303,27.0,9.56383071841386,4.680287603124428,0.5978622355536315,7.530180287653038,8.804252489019312,12.410915297711956,18.80224309098565,973,97.3
Day_304,24.0,9.78257046530829,3.924862873897521,1.1020565283412442,7.591276114815443,9.561935214878819,11.729698923749602,18.561593429651943,976,97.6
Day_305,26.0,10.734308298587463,3.8668455449037005,5.091390197408673,7.843285192861947,10.405072597529273,12.393677434992478,23.80488773895178,974,97.39999999999999
Day_306,32.0,10.44252157097527,3.7225982878970494,2.165981187931378,7.476481570998173,10.961624510238845,12.998368527121505,16.366642886992274,968,96.8
Day_307,36.0,8.866962999139416,4.970272566085301,0.2864054121487334,4.099697191393674,9.229939475186532,11.91405879033698,19.17222193547163,964,96.39999999999999
Day_308,18.0,7.981531306361729,4.394368572220932,1.0548571215363425,5.3428526044399005,7.574308271097912,10.700398122174112,16.340075706079638,982,98.2
Day_309,32.0,10.592981958720653,3.3639246242359877,3.728793251373215,8.532144582649986,11.007531626879194,12.568121725497635,16.684130945186507,968,96.8
Day_310,31.0,9.939539339269517,5.10699229509573,0.0003964387709158,6.819754457972925,10.57806599140114,12.989086927249794,19.221332693807575,969,96.89999999999999
Day_311,28.0,9.53453553551783,3.535116463767001,2.1624667323236135,7.872407241946442,9.618696383036852,11.131848647739526,19.165312480188305,972,97.2
Day_312,26.0,9.875129638337281,3.9104227658177946,1.4266574278149295,7.405101175238453,9.568882305526447,13.027046093820626,17.282057681504323,974,97.39999999999999
Day_313,31.0,9.055732208434202,3.576214809383317,1.4641121957152925,7.099054455343252,9.061524037693315,10.86097191792133,18.461675004242696,969,96.89999999999999
Day_314,35.0,10.262322162408681,4.266169549061305,0.3001140352593008,8.834119996892099,10.465376212547984,13.360644768823029,16.955142441128714,965,96.5
Day_315,32.0,9.804024653523866,4.648293604308011,0.6838051905996513,7.504449082435154,10.192424429030273,13.05932047903011,18.839542949663347,968,96.8
Day_316,28.0,10.01589983984849,5.033229697064249,0.0569342775062652,6.347451777072968,11.126046820039779,13.408581151219934,17.79681448104883,972,97.2
Day_317,26.0,9.70040581177224,4.56573108777533,1.1424510065505944,7.145601036884978,9.594132246124392,13.130406937094367,18.234772511115295,974,97.39999999999999
Day_318,31.0,9.155152877234093,3.912990593875176,2.4787895413643586,6.4876757542541785,8.598490389239046,11.656658539313398,16.914058186155582,969,96.89999999999999
Day_319,33.0,9.899060007850352,4.190685133985775,1.8950167732620191,7.993950208212285,10.239013951658292,13.471773198241236,15.785883985911124,967,96.7
Day_320,25.0,9.783170992778624,4.240814495547797,1.2124913033882756,7.961424052905662,10.822777448439489,13.09214805030796,15.277432197837443,975,97.5
Day_321,28.0,8.768151786161663,5.18943022171925,0.1536766019000899,5.850293241567252,9.10781872500275,12.76822122068284,16.98971315804175,972,97.2
Day_322,30.0,7.845994313967142,5.328777124140295,0.0265629844795394,2.7670664895974446,7.8344037238792605,13.186437679394054,17.11426245438846,970,97.0
Day_323,26.0,9.795181436725477,4.274792201500744,1.258165053465551,7.377448931519095,9.838835865368972,12.925786493674428,16.380338566965577,974,97.39999999999999
Day_324,30.0,9.259217134245533,3.6683358694563446,2.7613432603396473,7.2736772365241205,9.166917538862378,11.003050563945004,16.78602994322159,970,97.0
Day_325,19.0,9.333122626865684,4.556979012871473,0.2361518709946566,6.405767255208701,10.375627581021762,12.215837734418226,15.743262813141197,981,98.1
Day_326,24.0,8.730725751014543,4.123601508122361,0.2024767466958553,7.27560015217202,9.341662087460229,11.26781807808002,14.881241261483428,976,97.6
Day_327,23.0,9.966104323684078,5.139799550945669,0.4450039655024728,8.183556397356655,10.303142395529216,12.813181753306921,19.437276415076216,977,97.7
Day_328,24.0,10.165793298020118,4.137470023134632,2.7325016793684247,7.706952785273983,10.310074527412345,12.998545346754355,18.62708531673715,976,97.6
Day_329,23.0,9.71260239753887,5.226692941100338,0.4947150632337797,7.155740432921004,10.144776392087802,12.673329383604848,20.536771467400133,977,97.7
Day_330,23.0,9.646891290957326,4.096848788405322,0.042129729952848,7.311046255094681,9.979732137014244,12.395717903378575,15.655524464950394,977,97.7
Day_331,21.0,9.294571751881866,3.00491939928107,2.9291503496281637,7.471023485871217,9.26676869420203,11.521331426260488,14.582697219779654,979,97.89999999999999
Day_332,25.0,9.126387139265235,4.220612673506891,0.2987794458625489,7.390112393548053,9.815664334070997,11.23390063834375,15.850859671273556,975,97.5
Day_333,30.0,9.367308864363793,4.058271824778696,0.8600292061359962,6.3485328626159685,8.748705065690624,12.08606544157015,17.81768454644209,970,97.0
Day_334,37.0,9.014353929716549,5.097834284826634,0.3750571164445797,4.622933550496327,10.106080953304032,12.833828741797449,18.148635134259543,963,96.3
Day_335,34.0,9.780694912607116,4.710207630728747,1.442135677382734,6.362361911897086,9.452409572384864,12.283732442982085,25.400466280318614,966,96.6
Day_336,33.0,10.30545538131106,4.291907892978215,1.0811020973947798,7.437512265039636,10.246878000829694,12.393523393391634,18.737573232756795,967,96.7
Day_337,34.0,10.829501100008512,4.03279903600273,3.123592643406696,8.377119311718038,10.820179631714067,13.043256283918605,22.81881406261469,966,96.6
Day_338,33.0,9.098204406772645,4.758847728961543,0.6019338661144736,4.967161584960267,8.805474360726103,13.068283174626355,17.93541706858364,967,96.7
Day_339,27.0,9.970567420818096,4.273676969837018,0.4299451390338152,6.7693679539213605,10.7398967658849,12.804371921169665,17.25646301771863,973,97.3
Day_340,30.0,9.930051230999034,5.200958283910673,0.2655284397877436,6.158630310372983,10.582968530039551,12.613619840708646,24.33623669198809,970,97.0
Day_341,32.0,11.4124557124176,3.7987931336835374,4.531960233310821,9.257504752671903,11.464564731286128,13.009829912253222,20.74387796897552,968,96.8
Day_342,33.0,10.4428143875966,4.208799903668726,0.0221382900010525,8.098663545456175,9.986379126694777,12.808662336875644,21.056914323237876,967,96.7
Day_343,32.0,11.070085426134689,3.7661941971993596,3.6728845410441826,8.600127951139813,11.804840042564251,13.930204305366493,19.379043894291193,968,96.8
Day_344,27.0,10.503524042833398,4.542658435548508,0.6113741463766598,7.66820152967871,10.680297709279136,12.959901262079738,22.437115267707025,973,97.3
Day_345,36.0,7.911624419746015,4.947818988863275,0.054399239187194,3.8599664203049766,7.854302259989824,11.64851086116429,18.09239002091315,964,96.39999999999999
Day_346,33.0,10.110021297594619,4.442279089107444,0.1316363678600844,8.965754657995763,10.88994095577604,12.598705008071637,22.88683007468198,967,96.7
Day_347,26.0,9.711530307664718,3.902030598334795,1.9403309988693695,7.272326887252868,9.862658280487528,12.936629784492535,16.186773681874932,974,97.39999999999999
Day_348,30.0,9.874650809653428,4.429776361637172,0.4371174709701396,7.688972553894615,10.173441361272436,12.789774886105723,17.187113150673664,970,97.0
Day_349,32.0,8.801053022027347,4.224775049668368,0.0094075471877695,6.1612964604984635,8.811900396158693,12.460581850102423,16.140392644590378,968,96.8
Day_350,25.0,9.535780230673192,5.193167890458987,0.1454637483182379,6.565446267921028,10.487628318804262,13.56731700720529,16.30404565898824,975,97.5
Day_351,32.0,9.767031989768562,3.2422811377028933,2.899891248087494,8.017843361621514,9.624288256010345,11.834707823183606,16.24011590580666,968,96.8
Day_352,30.0,8.442067345586924,4.180563096843033,0.1722661801850048,6.381813329116951,8.113774721961757,10.933261337584753,16.222807280613576,970,97.0
Day_353,24.0,9.823537519655234,3.785227146649851,0.2912507780721944,7.497211402040981,9.12252693680077,12.584907836024822,16.704271941591763,976,97.6
Day_354,28.0,9.046783710737282,3.480071795438061,2.4704076651588647,6.35086393286391,8.86510182890758,11.870257397064282,16.060687394077725,972,97.2
Day_355,32.0,10.277925255591594,4.184187283683223,3.1467790787434557,7.319852120707515,10.01705976562914,12.853927323385335,21.646246801294065,968,96.8
Day_356,36.0,9.925739950121912,5.281532961235041,1.6543138285095802,5.738948440540835,10.280227744039848,13.57122762123571,23.39813097855891,964,96.39999999999999
Day_357,37.0,8.506854403402295,4.6725606785429346,0.0856351392204677,5.079844770488773,8.877107073511763,12.267244968253967,16.154474441330173,963,96.3
Day_358,30.0,8.408501158463103,4.314902596303926,0.8090485862013419,5.5852499022353355,8.19286075674319,11.557630414763404,17.792226879678395,970,97.0
Day_359,35.0,9.533685109677949,3.6375840331037876,1.2849046901132706,6.942225786518618,9.916486577514174,11.94507738244356,18.36145955728216,965,96.5
Day_360,29.0,8.33358662634111,4.026130959389154,0.9677254794846362,6.583227570612114,7.950268295079362,11.018800603511618,17.94754240242741,971,97.1
Day_361,42.0,10.069821138422578,5.148987594245352,0.2145015669415158,5.96379275307146,10.45153079037187,12.983265943932112,24.281967109427317,958,95.8
Day_362,25.0,9.404351082800277,4.047933051883781,1.327238701968043,6.896887346934614,9.508008027308772,12.429119578942828,15.463422681343737,975,97.5
Day_363,31.0,9.306807733429983,3.789032067042114,1.0408653339653378,7.276613337988427,9.443623730927396,12.153740448694279,15.565447470237476,969,96.89999999999999
Day_364,33.0,9.667306856534575,4.330232978091572,0.1001757965994333,7.346663600141219,9.96354142156818,12.99670830755338,16.995379052767625,967,96.7
Day_365,30.0,7.628667768395537,4.138062221159277,0.1183216404836125,5.605231289127531,8.113554020478754,10.316482757434171,15.96148892579382,970,97.0
